"cc_iso3c","dqa_overall","dqa_grade","dqa_avl_smpl","dqa_cap_dqi","dqa_crm_dqi","dqa_dig_dqi","dqa_ffm_dqi","dqa_hrm_dqi","dqa_inc_dqi","dqa_int_dqi","dqa_opn_dqi","dqa_pol_dqi","dqa_pro_dqi","dqa_reg_dqi","dqa_tax_dqi"
"GBR",0.757,"A+",1,"G","G","G","G","G","G","G","G","A","G","G","G"
"ITA",0.755,"A+",0.991,"A","G","G","G","G","G","G","G","A","G","G","G"
"POL",0.755,"A+",0.991,"G","G","G","G","G","G","A","G","A","G","G","G"
"SWE",0.755,"A+",0.991,"G","G","G","G","G","G","A","G","A","G","G","G"
"NOR",0.752,"A+",0.991,"G","G","G","G","G","G","A","G","A","G","G","G"
"SVN",0.75,"A",0.991,"G","G","G","G","G","G","G","A","A","G","G","G"
"AUT",0.738,"A",0.983,"G","G","G","A","G","G","A","G","A","G","G","G"
"FIN",0.736,"A",0.974,"G","G","G","A","G","G","R","G","A","G","G","G"
"ESP",0.733,"A",0.966,"A","G","G","A","G","G","A","A","A","G","G","G"
"NLD",0.731,"A",0.983,"G","G","G","A","G","G","G","G","A","A","G","G"
"FRA",0.718,"A",0.966,"A","G","G","G","G","G","G","G","A","R","G","G"
"PRT",0.716,"A",0.853,"X","A","G","G","G","G","A","G","A","G","G","G"
"DNK",0.707,"A",0.931,"G","A","G","A","G","G","X","A","A","G","G","A"
"DEU",0.701,"A",0.957,"G","G","G","G","G","R","G","G","A","G","G","X"
"GRC",0.696,"B",0.94,"G","G","G","A","G","G","A","G","A","A","G","R"
"SVK",0.692,"B",0.931,"G","A","G","A","G","G","A","R","A","G","G","A"
"HUN",0.671,"B",0.81,"X","A","G","G","G","R","G","A","A","G","G","G"
"EST",0.669,"B",0.897,"G","R","G","A","G","R","G","A","A","G","G","A"
"CZE",0.659,"B",0.905,"G","A","G","G","G","X","A","G","A","R","G","G"
"TUR",0.65,"C",0.897,"G","G","G","A","G","G","A","G","A","R","G","X"
"MEX",0.648,"C",0.733,"X","G","X","G","G","G","G","G","A","A","G","A"
"NZL",0.644,"C",0.828,"G","G","X","G","A","X","A","G","A","A","G","G"
"CHL",0.643,"C",0.793,"G","R","X","G","G","G","G","G","A","A","G","G"
"CAN",0.638,"C",0.784,"G","R","X","G","G","G","A","G","A","A","G","G"
"KOR",0.636,"C",0.784,"G","R","X","G","G","G","G","A","A","A","G","G"
"BEL",0.635,"C",0.853,"G","X","G","A","G","G","G","G","A","R","G","G"
"LVA",0.628,"C",0.75,"X","R","G","R","G","G","A","R","A","G","G","G"
"CHE",0.627,"C",0.793,"X","G","G","A","G","G","G","R","A","R","G","A"
"AUS",0.618,"C",0.707,"X","G","X","G","G","G","A","G","A","X","G","G"
"LTU",0.615,"C",0.819,"G","R","G","X","G","G","R","X","A","G","G","G"
"IRL",0.614,"C",0.836,"G","R","G","A","G","G","A","R","A","R","G","G"
"JPN",0.597,"D",0.75,"G","R","X","G","G","G","A","G","A","R","G","R"
"USA",0.579,"D",0.741,"G","R","X","G","G","G","G","G","A","X","A","A"
"ISR",0.578,"D",0.724,"G","R","X","A","G","G","R","R","A","A","G","A"
"ISL",0.563,"D",0.681,"X","R","G","R","G","G","R","R","A","R","G","A"
"ROU",0.529,"D",0.664,"X","A","G","R","X","X","R","A","A","G","X","A"
"BGR",0.511,"D",0.655,"X","A","G","R","X","X","R","A","A","R","X","G"
"HRV",0.501,"D",0.647,"X","A","G","R","X","X","R","A","A","R","X","A"
